,RPM,SpindleTemp,XTemp,YTemp,ZTemp,X_Error,Y_Error,Z_Error
RPM,1.0,0.8680272781880777,0.21864501511177914,-0.03707292180820537,0.7145646805350909,0.0648459079290836,0.839597856327815,0.9142090997825252
SpindleTemp,0.8680272781880777,1.0,0.24791924783867555,0.1740355043335752,0.8706658867042136,0.37607459183697817,0.8766127145699272,0.924210493487495
XTemp,0.21864501511177914,0.24791924783867555,1.0,0.03440595420074613,0.16077026421854232,0.022167361448110955,0.3116365978352028,0.28224952272701576
YTemp,-0.03707292180820537,0.1740355043335752,0.03440595420074613,1.0,0.5513116796846091,0.7518468594326925,-0.17539990213825954,-0.12450253873150452
ZTemp,0.7145646805350909,0.8706658867042136,0.16077026421854232,0.5513116796846091,1.0,0.6906719996589646,0.6232996148854997,0.6868857005207377
X_Error,0.0648459079290836,0.37607459183697817,0.022167361448110955,0.7518468594326925,0.6906719996589646,1.0,0.06250233221354522,0.062091395557501934
Y_Error,0.839597856327815,0.8766127145699272,0.3116365978352028,-0.17539990213825954,0.6232996148854997,0.06250233221354522,1.0,0.9747313184516504
Z_Error,0.9142090997825252,0.924210493487495,0.28224952272701576,-0.12450253873150452,0.6868857005207377,0.062091395557501934,0.9747313184516504,1.0
