Model,MAE,RMSE,R2
Linear Regression,0.0018574002314915958,0.0023495822865481296,0.9666075765793148
Random Forest,0.0001968056159578269,0.00025995283372483747,0.99959125191414
